Rooms,Type,Price,Date,Distance,Postcode,Bathroom,Car,Landsize,BuildingArea,YearBuilt
3,t,732000,26/07/2016,5.6,3101,1,1.0,904,110.0,1980.0
3,h,1001000,4/3/17,12.6,3020,1,5.0,879,,
2,u,605000,7/5/16,7.4,3185,1,1.0,722,,1970.0
3,h,757500,17/06/2017,18.8,3170,2,1.0,145,,
4,h,721000,16/09/2017,17.9,3082,2,2.0,603,,
2,u,560000,28/08/2016,13.1,3128,1,1.0,153,,1970.0
3,u,1631000,1/7/17,3.5,3207,2,2.0,0,,
2,t,1014000,30/07/2016,10.7,3187,1,1.0,267,131.0,1990.0
3,t,1762000,17/09/2016,11.2,3186,2,2.0,483,,
3,h,1307000,13/08/2016,13.9,3165,2,4.0,684,,
3,h,1870000,25/02/2017,8.1,3161,2,1.0,339,,
3,h,855000,16/07/2016,6.9,3039,1,1.0,274,,
1,u,320000,18/06/2016,5.9,3055,1,1.0,0,43.0,1970.0
5,h,1150000,23/09/2017,17.2,3132,2,2.0,588,,1970.0
2,u,525000,14/05/2016,10.3,3084,1,1.0,79,70.0,1970.0
4,t,973500,27/11/2016,13.9,3108,2,2.0,234,160.0,2009.0
1,u,365000,10/12/16,6.5,3071,1,1.0,0,40.0,1970.0
3,t,1385000,25/02/2017,9.7,3103,2,2.0,190,,
2,u,816000,24/06/2017,3.5,3207,1,1.0,0,,2000.0
3,h,649000,9/9/17,14.0,3047,1,1.0,656,,
5,h,1335000,10/12/16,7.8,3058,3,2.0,390,,
3,u,665000,16/04/2016,10.5,3034,2,1.0,289,,
6,h,1455000,29/04/2017,7.8,3058,3,4.0,768,285.0,1997.0
4,h,1350000,4/3/17,11.5,3046,2,2.0,590,237.0,
2,u,485000,8/7/17,13.4,3130,1,1.0,0,55.0,1960.0
3,h,480000,1/7/17,27.2,3024,1,2.0,743,110.0,1990.0
3,h,775000,25/02/2017,7.7,3015,1,1.0,435,,
1,u,295000,19/11/2016,6.5,3071,1,1.0,0,,
4,h,1670000,4/3/17,8.0,3040,2,1.0,291,183.0,1920.0
2,u,540000,15/07/2017,7.3,3146,1,1.0,0,77.0,1960.0
1,u,401500,15/07/2017,2.7,3141,1,1.0,10,,1960.0
2,u,762000,3/6/17,7.5,3040,1,1.0,195,,
2,u,800000,22/07/2017,7.9,3103,1,1.0,0,,1960.0
3,u,850000,3/6/17,10.4,3042,2,1.0,307,,
4,h,1352000,24/06/2017,12.4,3107,2,3.0,725,,
2,t,585000,15/10/2016,9.2,3146,1,1.0,84,84.0,1960.0
4,h,3295888,15/10/2016,11.2,3186,3,2.0,565,337.0,1990.0
2,u,720000,3/6/17,14.2,3149,1,1.0,198,,
3,u,1880000,3/12/16,3.3,3141,2,2.0,0,,1968.0
3,h,692500,23/04/2016,11.2,3073,2,2.0,803,,
3,u,891000,15/10/2016,8.0,3040,2,1.0,0,,
3,u,780000,25/02/2017,11.4,3084,1,2.0,239,,
2,u,2250000,29/04/2017,3.8,3207,2,2.0,0,,
1,u,492000,4/3/17,4.6,3122,1,1.0,0,63.0,1995.0
1,u,470000,26/07/2016,2.5,3067,1,1.0,0,50.0,2013.0
4,t,1742000,28/05/2016,9.0,3126,2,2.0,780,,
4,h,1635000,8/7/17,15.5,3106,3,2.0,896,215.0,1985.0
1,u,441000,27/05/2017,6.2,3123,1,0.0,0,50.0,1960.0
3,t,802000,15/07/2017,22.2,3172,2,2.0,251,185.0,1998.0
3,u,577000,23/04/2016,13.8,3018,2,1.0,205,113.0,2007.0
4,h,1715000,3/12/16,6.9,3039,2,3.0,668,,
2,h,1117000,28/08/2016,1.8,3053,1,0.0,128,92.0,1890.0
2,u,465000,25/02/2017,11.2,3073,1,1.0,111,,
3,h,1316000,17/06/2017,13.8,3165,1,1.0,636,,1958.0
2,u,610000,3/9/17,16.1,3088,1,1.0,180,,
3,t,620500,7/5/16,11.2,3073,2,1.0,158,117.0,2011.0
3,t,900500,27/11/2016,12.2,3147,2,2.0,256,134.0,2012.0
1,u,345000,16/04/2016,7.0,3013,1,1.0,0,47.0,1970.0
3,t,1250000,10/9/16,11.8,3204,2,2.0,326,188.0,2000.0
2,u,655000,8/4/17,4.6,3142,1,1.0,1816,105.0,1960.0
3,h,915000,11/3/17,12.8,3033,1,2.0,610,,
4,h,887500,29/07/2017,16.1,3088,2,2.0,737,,
4,h,930000,8/7/17,24.7,3175,2,1.0,830,200.0,1980.0
2,u,905000,15/10/2016,10.7,3187,1,2.0,189,93.0,1980.0
3,u,542000,1/7/17,15.3,3074,2,2.0,213,,
2,u,430000,7/11/16,4.6,3122,1,1.0,1997,,
3,h,720000,4/3/17,10.5,3081,1,0.0,505,,
3,u,488000,13/05/2017,12.4,3083,1,1.0,260,150.0,1961.0
2,t,915500,27/11/2016,13.7,3188,2,1.0,0,148.0,
1,u,380000,29/07/2017,6.3,3143,1,1.0,0,,1960.0
2,u,405000,7/5/16,11.2,3073,1,1.0,171,94.0,2009.0
2,u,546500,3/12/16,10.6,3084,1,1.0,132,69.0,1972.0
2,u,587500,16/07/2016,4.6,3122,1,1.0,1099,72.0,1965.0
2,t,610000,1/7/17,11.2,3046,1,1.0,182,112.0,2015.0
1,u,342000,10/9/16,2.6,3121,1,1.0,0,1.0,1970.0
2,u,830000,4/6/16,9.0,3126,1,1.0,110,83.0,1960.0
3,h,1975000,17/06/2017,7.3,3102,2,4.0,677,,
3,h,867000,29/07/2017,15.3,3074,1,3.0,819,,
3,h,1837000,6/8/16,11.2,3145,2,1.0,769,196.0,1920.0
2,h,883000,27/05/2017,17.2,3132,1,1.0,697,,1960.0
3,h,825000,8/10/16,7.8,3058,1,1.0,374,118.0,1910.0
3,h,855000,6/8/16,7.7,3015,1,1.0,326,112.0,1991.0
2,t,930000,3/9/16,3.5,3068,3,0.0,2778,3558.0,
3,h,1124000,27/06/2016,14.0,3166,1,1.0,685,,
2,h,399000,7/5/16,8.7,3032,1,1.0,904,53.0,1985.0
3,h,1588000,19/08/2017,10.4,3125,2,2.0,708,,
3,t,800000,12/11/16,5.6,3101,2,2.0,848,97.0,1970.0
4,t,1200000,29/07/2017,16.0,3190,2,2.0,304,183.0,2007.0
2,u,487500,8/10/16,6.1,3182,1,2.0,1676,,
2,u,430000,28/08/2016,11.2,3073,1,1.0,152,,
7,h,1205000,15/10/2016,5.9,3055,3,1.0,447,287.0,1982.0
1,u,330000,22/05/2016,5.9,3055,1,1.0,0,42.0,1970.0
4,h,5020000,20/05/2017,7.8,3124,4,3.0,892,,
3,t,1962000,14/05/2016,11.2,3186,2,2.0,323,,1995.0
2,u,476000,6/8/16,11.5,3046,1,1.0,189,85.0,1995.0
3,h,785000,7/11/16,7.9,3079,2,0.0,399,110.0,1950.0
3,u,900000,6/8/16,11.8,3204,1,1.0,265,91.0,1990.0
2,h,2210000,3/6/17,2.7,3141,2,1.0,187,133.0,1890.0
3,h,1340000,27/11/2016,5.2,3056,1,1.0,316,132.0,1910.0
3,u,485000,29/07/2017,18.0,3037,2,2.0,345,,2005.0
5,h,605000,10/12/16,13.3,3020,2,2.0,661,133.0,1960.0
3,h,485000,12/11/16,13.5,3020,4,2.0,482,166.0,1955.0
3,t,940000,14/05/2016,7.7,3184,1,1.0,0,,
3,u,590000,24/06/2017,31.2,3197,1,1.0,179,,
2,u,622500,22/05/2016,1.2,3006,2,1.0,2955,67.0,2013.0
2,u,600000,24/09/2016,7.7,3184,1,1.0,0,75.0,1960.0
2,u,465000,4/6/16,6.1,3182,1,1.0,0,,1960.0
2,h,2400000,12/11/16,3.2,3054,2,0.0,413,172.0,1900.0
3,t,920000,15/07/2017,16.1,3111,2,2.0,239,187.0,2007.0
2,u,512000,10/9/16,2.6,3121,1,1.0,0,61.0,1970.0
3,h,1241000,28/08/2016,13.9,3165,1,1.0,643,,
2,u,690000,23/04/2016,1.2,3006,3,1.0,0,,2013.0
4,h,1408000,23/09/2017,14.2,3149,2,2.0,692,179.0,1970.0
4,h,1950000,28/05/2016,5.5,3070,2,1.0,489,140.0,1910.0
4,h,2840000,10/9/16,10.7,3187,2,2.0,999,274.0,1972.0
2,h,1130000,22/08/2016,7.8,3058,1,2.0,520,,
3,h,1225000,12/11/16,14.0,3166,1,2.0,553,,
3,h,1200000,16/07/2016,2.5,3067,2,1.0,113,110.0,1880.0
1,u,375000,17/06/2017,5.3,3122,1,1.0,0,53.0,1970.0
2,t,801000,25/02/2017,5.2,3056,2,1.0,156,87.0,2007.0
1,u,324000,16/04/2016,6.3,3143,1,1.0,0,,
3,u,700000,13/05/2017,9.2,3104,1,1.0,350,120.0,1950.0
2,u,724000,22/07/2017,27.0,3196,1,2.0,224,104.0,2000.0
4,h,410500,24/06/2017,47.3,3810,2,2.0,425,,
2,h,815000,30/07/2016,6.6,3011,1,0.0,172,81.0,1900.0
4,h,1387000,24/06/2017,14.2,3149,2,4.0,691,,
4,h,807000,15/07/2017,45.9,3437,2,3.0,40468,,
3,u,648000,29/04/2017,11.5,3046,1,1.0,0,94.0,1998.0
2,u,424000,18/06/2016,11.2,3073,1,1.0,141,81.0,1980.0
1,u,490000,10/12/16,3.3,3141,1,1.0,0,,
4,h,1630000,13/05/2017,10.7,3187,2,1.0,596,,
1,u,360000,13/05/2017,7.7,3184,1,0.0,0,39.5,1959.0
4,h,1430000,22/05/2016,5.9,3032,2,0.0,418,158.0,1900.0
4,h,2000000,12/8/17,10.3,3187,2,2.0,619,,
2,h,1102000,12/11/16,11.2,3186,1,2.0,318,,
5,h,1205000,27/05/2017,15.4,3131,3,2.0,477,,
3,h,1417250,4/2/16,14.6,3189,2,2.0,653,180.0,1950.0
4,h,773000,30/07/2016,9.2,3012,1,2.0,333,137.0,1970.0
2,h,1116000,3/9/16,3.5,3068,1,0.0,152,,
3,u,602500,16/07/2016,11.4,3163,1,2.0,0,,
1,u,330000,22/04/2017,11.4,3163,1,1.0,0,46.0,1960.0
2,t,771000,8/7/17,13.8,3188,1,1.0,0,99.0,1992.0
3,t,500000,27/05/2017,16.5,3049,1,2.0,141,,2012.0
3,h,1510000,8/7/17,7.8,3079,1,2.0,670,,
3,h,1250000,12/8/17,8.9,3084,1,0.0,668,,
4,h,1660000,29/07/2017,15.2,3191,2,2.0,390,235.0,2004.0
2,h,680000,27/06/2016,11.2,3073,1,1.0,750,92.0,1960.0
2,u,546000,8/4/17,8.9,3016,1,1.0,2023,,1979.0
2,u,655000,15/07/2017,14.5,3087,1,1.0,298,98.0,1975.0
2,h,1202500,24/09/2016,3.5,3121,1,1.0,149,77.0,1900.0
3,t,1715000,28/08/2016,3.3,3141,2,2.0,0,,
2,u,825000,8/10/16,12.1,3163,1,1.0,0,86.0,
2,u,585000,8/4/17,5.1,3181,1,1.0,0,79.0,1965.0
4,h,2620000,28/08/2016,13.0,3204,4,2.0,579,361.0,2012.0
4,h,1325000,17/09/2016,13.8,3107,3,2.0,740,,
3,h,983000,18/03/2017,9.9,3044,1,2.0,650,,
3,h,1540000,12/8/17,3.5,3054,2,1.0,288,,
2,u,457000,4/6/16,11.2,3042,1,1.0,0,89.0,1975.0
3,u,1042000,27/05/2017,10.1,3163,2,2.0,0,122.0,2008.0
3,u,420000,22/07/2017,17.4,3048,1,1.0,658,94.0,1990.0
4,h,1131000,8/10/16,7.8,3058,2,2.0,494,300.0,2001.0
2,u,807000,27/11/2016,2.6,3121,2,2.0,0,106.0,2000.0
2,u,490000,29/04/2017,9.3,3162,1,1.0,0,61.0,1960.0
4,h,865000,3/12/16,11.5,3046,1,2.0,696,160.0,1955.0
4,h,732000,24/06/2017,27.0,3196,2,2.0,536,202.0,1985.0
2,u,495000,13/08/2016,3.4,3068,1,1.0,515,50.0,1970.0
3,t,752000,8/4/17,5.6,3101,2,2.0,0,102.0,1980.0
2,u,872000,28/05/2016,1.5,3002,0,0.0,0,,
4,h,810000,10/9/16,8.8,3072,2,2.0,1034,151.0,1950.0
1,u,435000,10/9/16,5.5,3070,1,2.0,0,55.0,1970.0
3,u,1160000,27/05/2017,10.1,3163,2,2.0,441,,
2,h,765000,10/12/16,4.2,3031,1,2.0,158,76.0,1965.0
1,u,407000,20/05/2017,11.2,3073,1,1.0,108,,
3,h,1200000,20/05/2017,6.5,3071,1,1.0,447,,
1,u,500500,4/3/17,4.5,3181,1,1.0,0,64.0,1945.0
3,t,1990000,22/04/2017,11.2,3186,2,2.0,0,189.0,1935.0
2,u,465000,13/05/2017,8.0,3016,1,1.0,0,78.0,1970.0
2,t,625000,19/08/2017,16.1,3088,2,1.0,189,,
2,u,520000,27/06/2016,6.3,3143,1,1.0,0,76.0,1970.0
5,h,1475000,8/7/17,12.3,3166,2,3.0,548,157.0,1920.0
5,h,660000,1/7/17,19.6,3076,3,2.0,708,,
3,h,1360000,19/11/2016,11.4,3163,2,2.0,282,182.0,2010.0
1,u,430000,25/02/2017,7.5,3123,1,1.0,2276,58.0,1950.0
2,u,620000,3/9/16,7.5,3102,1,1.0,0,,1970.0
3,h,490000,29/07/2017,20.6,3064,2,2.0,400,143.0,1996.0
2,u,602000,28/08/2016,3.5,3068,1,1.0,0,48.0,1980.0
3,h,1121000,22/08/2016,5.5,3070,1,0.0,0,,
4,h,1610000,18/06/2016,11.4,3084,1,4.0,1613,,
3,h,710000,15/07/2017,12.1,3083,1,1.0,540,142.0,1968.0
4,h,677000,27/05/2017,18.0,3037,2,2.0,661,196.0,1999.0
3,t,775000,28/05/2016,3.5,3068,2,2.0,0,,
3,t,840000,15/10/2016,11.2,3042,2,2.0,374,180.0,1990.0
3,t,705000,11/2/17,13.8,3018,2,2.0,197,152.0,
2,u,485000,14/05/2016,8.8,3072,1,1.0,117,73.0,1965.0
3,h,1290000,28/08/2016,8.0,3040,1,1.0,618,132.0,1960.0
1,u,545000,27/05/2017,3.5,3207,1,1.0,0,,2000.0
3,t,1235000,18/03/2017,13.0,3204,2,2.0,0,160.0,2012.0
2,u,632000,20/05/2017,4.5,3057,1,2.0,65,,1960.0
2,h,855000,26/07/2016,9.9,3044,1,2.0,659,,
2,u,501000,27/05/2017,7.3,3146,1,1.0,0,,
4,t,710000,8/7/17,11.7,3033,2,1.0,330,,
1,u,390000,14/05/2016,6.3,3143,1,0.0,881,,
3,h,582000,8/10/16,14.9,3087,1,0.0,302,90.0,1950.0
3,u,560000,25/02/2017,13.9,3020,2,7.0,420,150.0,1970.0
3,h,595000,26/08/2017,19.6,3076,1,2.0,536,0.0,1980.0
1,u,310000,1/7/17,7.5,3040,1,1.0,0,,
2,u,856500,19/11/2016,9.2,3146,1,1.0,0,,1960.0
2,u,479000,4/3/17,2.6,3121,1,1.0,0,62.0,1970.0
2,h,1114000,3/6/17,12.3,3166,1,1.0,703,90.0,1960.0
5,h,2000000,15/10/2016,9.2,3104,2,2.0,1002,244.0,1950.0
3,h,1851000,19/11/2016,3.5,3068,1,1.0,225,,
2,u,442000,27/06/2016,13.0,3046,1,1.0,245,,
3,h,1631000,15/10/2016,12.2,3147,2,3.0,782,215.0,1950.0
3,u,700000,4/6/16,13.6,3148,2,1.0,224,94.0,2006.0
4,h,688000,22/07/2017,15.5,3038,2,1.0,645,,
3,h,1900000,6/8/16,11.2,3186,0,0.0,0,,
3,h,3401000,27/11/2016,9.7,3103,2,1.0,706,166.0,1930.0
2,u,760000,27/11/2016,2.6,3121,1,1.0,0,,
4,h,930000,4/6/16,9.1,3015,1,3.0,669,143.0,1950.0
2,u,595000,7/11/16,2.1,3205,1,1.0,0,76.0,2004.0
3,t,820000,17/06/2017,12.3,3166,2,1.0,200,130.0,2013.0
4,h,1410000,27/06/2016,11.7,3125,2,3.0,739,182.0,1970.0
2,t,595000,8/7/17,11.2,3046,2,1.0,201,111.0,2005.0
2,u,445000,27/06/2016,4.5,3057,1,1.0,0,,
3,t,865000,13/05/2017,6.5,3071,2,2.0,194,,2000.0
3,h,1222500,4/2/16,13.0,3204,2,2.0,299,181.0,2000.0
3,h,1560000,24/09/2016,11.2,3127,2,1.0,335,209.0,2013.0
3,t,980000,25/02/2017,5.5,3070,2,2.0,195,,
4,t,1680000,12/8/17,7.9,3103,2,1.0,254,172.0,1995.0
3,h,1435000,12/11/16,5.9,3032,2,2.0,532,147.0,1950.0
2,u,888000,29/04/2017,4.5,3181,1,1.0,0,,
4,h,1302000,17/06/2017,17.2,3132,1,1.0,842,160.0,1950.0
1,u,320000,19/08/2017,4.0,3057,1,1.0,682,34.0,1980.0
3,h,1355000,12/11/16,12.1,3163,1,6.0,612,,
3,h,1337000,8/10/16,11.0,3147,1,2.0,583,112.0,1950.0
4,h,920000,19/08/2017,12.0,3073,2,2.0,743,,
3,h,980000,8/10/16,12.4,3083,1,1.0,907,165.0,1960.0
4,h,976000,18/06/2016,11.8,3105,1,1.0,701,,
2,u,800000,7/5/16,5.1,3181,1,1.0,0,92.0,1930.0
2,u,592500,10/12/16,6.3,3143,1,1.0,0,73.0,1970.0
2,u,820000,3/9/17,6.3,3143,1,1.0,1501,,
2,u,400000,6/8/16,5.2,3056,1,1.0,0,61.0,1970.0
3,u,810000,15/10/2016,13.7,3188,1,1.0,195,115.0,1960.0
3,h,560000,22/07/2017,16.3,3075,1,2.0,535,104.0,1970.0
4,t,975000,3/6/17,17.2,3133,2,2.0,0,207.0,2008.0
3,h,591500,30/07/2016,12.6,3020,1,2.0,427,,
2,t,751000,24/09/2016,8.5,3185,2,1.0,0,,
2,u,1100000,28/05/2016,6.1,3182,1,2.0,1458,141.0,1920.0
3,h,1502000,15/07/2017,3.6,3068,1,0.0,179,,
3,h,865000,24/06/2017,18.8,3170,1,2.0,739,126.0,1965.0
2,u,602000,3/6/17,10.1,3163,1,1.0,1166,,
3,u,660000,27/05/2017,5.4,3101,1,1.0,1096,,
3,h,695000,27/06/2016,12.8,3033,1,3.0,0,,
3,h,1000000,8/7/17,6.2,3015,1,2.0,366,,
3,u,1000000,1/7/17,5.3,3122,1,1.0,1079,90.0,1940.0
1,u,452000,10/12/16,9.2,3146,1,1.0,63,52.0,1980.0
2,h,435000,6/8/16,13.3,3020,1,4.0,343,81.0,1960.0
2,t,1200000,6/5/17,6.3,3143,2,1.0,189,,
3,h,583000,10/9/16,12.8,3033,1,1.0,412,133.0,2003.0
2,h,695000,17/06/2017,11.4,3204,1,1.0,126,75.45,1970.0
2,u,592000,4/3/17,5.5,3070,1,2.0,0,,
1,u,523000,17/09/2016,3.3,3141,1,0.0,0,,1940.0
2,u,434000,10/9/16,7.8,3058,1,1.0,0,80.0,1965.0
2,u,472000,22/07/2017,12.3,3166,1,1.0,0,70.0,1970.0
1,u,549800,3/12/16,4.5,3181,1,1.0,0,51.0,2012.0
1,t,715000,27/05/2017,3.4,3031,1,0.0,91,,2006.0
3,u,1330000,27/05/2017,7.3,3146,2,2.0,296,,
2,u,630000,3/6/17,5.4,3101,1,1.0,1037,,1960.0
3,t,1460000,10/12/16,8.0,3016,2,2.0,506,180.0,2010.0
2,u,615000,17/06/2017,5.0,3182,1,1.0,1123,84.0,1920.0
1,u,241000,11/2/17,8.2,3012,1,1.0,0,99.0,
2,u,480000,19/11/2016,11.2,3073,2,1.0,145,145.0,2010.0
4,h,2408000,27/05/2017,8.4,3126,2,2.0,654,221.0,1945.0
2,u,795000,10/12/16,1.8,3053,2,1.0,0,,
3,t,890500,15/10/2016,6.9,3039,2,1.0,213,,1950.0
3,h,897000,11/2/17,8.0,3040,1,2.0,226,,2000.0
2,u,420000,13/05/2017,13.9,3020,1,1.0,192,88.0,1970.0
3,u,1352500,28/08/2016,11.2,3186,2,1.0,280,110.0,1993.0
3,h,1150000,26/07/2016,8.0,3040,1,0.0,300,145.0,1900.0
4,h,1870000,12/8/17,5.1,3011,2,2.0,457,,
2,u,680500,25/02/2017,3.3,3141,1,1.0,0,70.0,1970.0
3,h,721000,8/10/16,13.0,3046,1,2.0,674,,1976.0
4,h,657000,25/02/2017,13.5,3020,2,4.0,651,178.0,1975.0
5,h,1775000,29/04/2017,13.8,3107,4,2.0,501,,
3,h,695000,29/07/2017,22.7,3174,1,1.0,671,142.0,1950.0
3,t,955000,27/05/2017,13.8,3165,2,2.0,225,,
3,t,920000,29/07/2017,14.3,3189,2,2.0,230,,
2,h,683000,29/07/2017,4.0,3057,1,1.0,0,91.0,1970.0
3,h,837000,23/09/2017,27.0,3196,1,1.0,441,,
3,h,1335000,30/07/2016,4.5,3057,1,2.0,308,113.0,1930.0
1,u,492000,4/3/17,4.5,3181,1,1.0,1768,45.0,1888.0
4,t,886000,10/12/16,12.8,3033,3,1.0,322,257.0,1950.0
2,h,1601000,15/07/2017,7.8,3079,1,2.0,697,,
3,u,815000,30/07/2016,11.2,3042,2,2.0,203,,
2,u,735000,23/04/2016,9.2,3104,1,1.0,1075,,1970.0
3,h,984000,29/04/2017,15.0,3085,2,2.0,552,,
3,t,1011000,3/6/17,14.2,3149,2,2.0,297,135.0,2001.0
1,u,345000,7/11/16,2.6,3121,1,0.0,0,,1970.0
3,t,730000,7/11/16,8.7,3032,1,2.0,250,132.0,2000.0
3,h,950000,3/9/17,16.7,3150,2,3.0,654,,
2,u,540000,3/12/16,2.3,3051,1,1.0,0,65.0,1970.0
2,u,569000,11/3/17,1.2,3006,2,1.0,3878,,2012.0
3,h,1127000,6/8/16,11.8,3105,1,2.0,631,,
3,h,726000,15/07/2017,17.9,3082,2,2.0,615,132.0,1982.0
2,u,1350000,12/8/17,2.7,3141,2,1.0,0,109.0,1930.0
4,h,870000,29/07/2017,35.4,3198,2,2.0,771,160.0,1965.0
3,h,1015000,13/05/2017,8.8,3072,2,1.0,511,,
2,h,1020000,16/04/2016,5.5,3070,1,1.0,354,97.0,1920.0
2,u,340000,12/11/16,13.0,3046,1,1.0,0,74.0,1970.0
3,h,1450000,20/05/2017,5.2,3056,1,2.0,304,,
3,h,785000,14/05/2016,11.2,3042,1,2.0,620,,
1,u,421500,3/12/16,6.3,3143,1,0.0,0,,
2,u,390000,1/7/17,25.5,3750,1,1.0,197,,
2,u,670000,26/08/2017,16.1,3088,1,1.0,704,,1957.0
3,h,1875000,13/08/2016,11.2,3186,2,2.0,275,170.0,1991.0
3,h,2375000,25/02/2017,11.2,3186,2,2.0,470,,
2,u,715000,26/07/2016,1.6,3065,1,1.0,0,74.0,1900.0
2,t,797000,20/05/2017,9.2,3146,1,2.0,97,,1970.0
2,u,782000,4/3/17,7.0,3013,1,1.0,1555,92.0,2013.0
3,t,1000000,27/11/2016,5.9,3032,2,2.0,200,144.0,2003.0
4,h,635000,19/08/2017,18.4,3029,2,2.0,512,,
3,h,775000,12/8/17,45.9,3437,2,4.0,1290,231.0,1988.0
3,h,485000,16/04/2016,13.6,3043,2,1.0,175,134.0,2004.0
2,u,593000,3/9/16,2.1,3205,2,1.0,0,83.0,2012.0
3,h,1665000,1/7/17,3.5,3207,3,2.0,121,,
4,h,845000,4/6/16,12.8,3033,1,1.0,622,126.0,1965.0
2,u,566000,18/06/2016,8.7,3032,2,1.0,3014,80.0,2012.0
5,h,1285000,19/08/2017,16.7,3150,2,1.0,651,124.0,1970.0
3,h,815000,12/8/17,16.1,3088,2,2.0,609,168.0,1980.0
3,h,1160000,8/10/16,10.4,3163,1,2.0,553,137.0,1930.0
3,u,1320000,6/5/17,3.3,3141,2,2.0,15,15.0,
2,h,611000,8/10/16,11.2,3073,1,2.0,379,,
2,h,951000,25/02/2017,7.0,3013,1,3.0,486,,
4,h,2620000,18/06/2016,4.6,3142,2,2.0,516,286.0,1925.0
2,u,503000,10/12/16,5.3,3032,1,1.0,0,,1960.0
3,u,1045000,4/3/17,12.2,3147,2,2.0,467,,
2,h,715000,15/10/2016,13.3,3020,1,2.0,588,,
2,u,590000,20/05/2017,7.8,3058,1,1.0,79,,
2,u,520000,17/06/2017,23.2,3153,1,1.0,418,76.0,1970.0
3,h,760000,29/07/2017,24.8,3156,1,3.0,984,,
4,h,1615000,8/4/17,14.0,3166,2,2.0,537,199.0,1920.0
3,t,420000,9/9/17,25.5,3750,2,2.0,167,,
3,h,899000,10/9/16,13.9,3165,1,1.0,583,,
3,u,940000,12/8/17,2.7,3141,2,3.0,0,20.0,
2,h,903000,22/04/2017,4.2,3031,1,0.0,184,,
3,u,897000,3/6/17,10.5,3186,1,1.0,164,,1970.0
4,h,975000,3/12/16,9.9,3044,1,1.0,733,159.0,1960.0
2,u,606000,12/11/16,8.0,3040,1,2.0,0,93.0,1972.0
1,u,422000,3/6/17,0.7,3006,1,1.0,63,51.0,2010.0
2,u,546000,8/10/16,2.5,3121,1,1.0,0,,1980.0
3,h,560000,22/07/2017,24.7,3175,1,2.0,630,,
3,h,840000,6/8/16,8.8,3072,1,2.0,647,,
3,u,501000,12/11/16,14.5,3042,1,1.0,255,132.0,1991.0
3,t,714000,10/12/16,6.4,3011,2,2.0,164,3.0,2008.0
3,t,865000,25/02/2017,11.2,3127,1,1.0,217,101.0,1970.0
3,h,412500,26/08/2017,20.6,3064,2,1.0,197,0.0,2012.0
4,t,970000,17/06/2017,7.5,3040,2,2.0,0,142.0,2003.0
3,h,725000,3/6/17,8.4,3072,1,2.0,590,94.0,1950.0
2,u,420000,15/07/2017,7.5,3040,1,1.0,0,,
2,h,1400000,25/02/2017,3.8,3207,1,1.0,168,102.0,1934.0
2,u,452000,7/5/16,9.9,3044,1,1.0,159,87.0,1990.0
2,h,1008000,24/09/2016,7.8,3058,1,3.0,457,89.0,1940.0
3,t,892000,30/07/2016,4.5,3057,2,1.0,0,,1995.0
3,t,850000,20/05/2017,13.9,3165,2,2.0,321,,
4,h,621000,16/07/2016,13.5,3020,1,1.0,700,130.0,1950.0
2,u,558000,22/08/2016,7.8,3124,1,1.0,0,,
2,u,835000,18/06/2016,11.2,3145,1,1.0,0,118.0,1930.0
1,u,430000,3/9/16,3.3,3141,1,1.0,0,,1970.0
3,t,955000,11/2/17,5.2,3056,2,2.0,327,110.0,2007.0
4,h,930000,17/06/2017,12.0,3073,1,5.0,700,,
3,u,660000,12/8/17,11.0,3018,1,2.0,211,,
2,u,852000,22/04/2017,6.3,3143,1,1.0,869,74.0,1980.0
4,h,790000,27/11/2016,10.5,3034,2,2.0,570,,
2,h,1389000,22/05/2016,9.2,3104,1,4.0,701,,
3,t,881000,19/08/2017,20.0,3194,2,1.0,332,,
3,h,830000,3/9/17,11.2,3046,1,2.0,655,110.0,1960.0
2,t,431000,8/4/17,8.7,3032,1,1.0,0,,
2,u,592000,29/07/2017,13.8,3165,1,1.0,121,,
2,u,505000,29/04/2017,11.2,3073,1,1.0,110,1.0,1960.0
2,u,560000,25/02/2017,2.3,3051,1,1.0,2300,68.0,1975.0
3,u,645000,4/3/17,11.2,3073,1,2.0,280,,2002.0
2,u,712000,26/07/2016,2.6,3121,1,1.0,0,,2012.0
3,u,537000,29/07/2017,39.0,3807,1,1.0,460,,
3,t,1007000,12/8/17,5.4,3101,2,1.0,0,114.0,1977.0
2,u,490000,7/11/16,7.5,3123,1,1.0,0,,
3,t,2400000,10/9/16,4.6,3142,3,2.0,425,,1998.0
3,h,794000,25/02/2017,12.6,3020,1,0.0,426,,
2,u,620000,28/05/2016,1.9,3003,1,1.0,0,83.0,2002.0
2,t,731000,22/07/2017,12.4,3107,1,1.0,217,115.0,2005.0
2,u,855000,12/11/16,13.0,3204,2,3.0,226,475.0,2005.0
3,h,951000,12/8/17,21.5,3195,2,2.0,553,,
3,t,960000,27/05/2017,16.2,3094,2,2.0,397,,2003.0
3,t,1052000,20/05/2017,2.6,3121,1,2.0,0,100.0,2010.0
2,h,550000,4/3/17,7.8,3058,1,1.0,0,,
3,u,537000,14/05/2016,14.9,3087,1,2.0,327,95.0,1960.0
3,u,945000,23/09/2017,17.3,3193,2,2.0,749,,1980.0
2,t,585500,18/03/2017,11.5,3046,1,1.0,161,86.0,2013.0
2,u,450000,18/03/2017,6.5,3071,1,1.0,0,52.0,1970.0
2,u,601000,27/05/2017,17.9,3192,1,1.0,1078,94.0,1972.0
2,t,705000,18/06/2016,5.9,3032,2,1.0,113,,1998.0
3,h,921500,22/05/2016,11.2,3073,2,1.0,527,177.0,1950.0
3,h,912000,16/09/2017,18.8,3170,2,1.0,753,,
2,u,636000,3/9/16,13.0,3204,1,2.0,202,,1974.0
2,u,627500,28/08/2016,4.6,3122,2,2.0,0,89.0,2000.0
4,h,2286000,15/10/2016,5.6,3101,3,2.0,712,237.0,1975.0
3,h,1005000,3/9/17,23.0,3136,1,8.0,1082,,
3,t,640000,10/12/16,7.8,3058,1,2.0,119,109.0,1995.0
2,u,520000,15/10/2016,6.6,3183,1,0.0,0,58.0,1970.0
2,u,415500,22/04/2017,9.4,3041,1,1.0,82,,1970.0
2,t,1365000,8/10/16,3.3,3141,2,1.0,1302,,
3,h,1275000,10/9/16,13.0,3204,1,4.0,758,138.0,1960.0
3,h,1160000,26/08/2017,5.2,3055,1,2.0,575,,
2,u,588000,4/6/16,5.6,3101,1,1.0,0,,1982.0
2,t,750000,7/5/16,4.2,3031,1,1.0,325,112.0,2002.0
4,t,1400000,7/5/16,9.2,3104,2,1.0,283,,
3,t,1035000,29/07/2017,7.2,3184,2,2.0,0,111.0,2010.0
4,h,1525000,26/08/2017,6.2,3039,3,,233,,
4,h,626800,7/11/16,13.3,3020,1,2.0,581,130.0,1950.0
2,u,435000,26/08/2017,6.2,3039,1,1.0,1475,66.0,1970.0
4,h,2188000,19/11/2016,9.7,3103,2,2.0,752,253.0,1981.0
2,u,637000,3/6/17,16.1,3088,1,1.0,318,104.0,1980.0
3,t,720000,15/10/2016,8.0,3040,1,2.0,190,142.0,1999.0
3,h,746000,23/09/2017,15.5,3038,2,2.0,649,,
3,h,510000,22/07/2017,20.6,3064,2,2.0,523,,2000.0
4,h,1290000,24/06/2017,17.2,3133,2,2.0,407,300.0,2003.0
3,h,612500,15/10/2016,13.0,3046,2,3.0,635,,
3,h,575500,8/10/16,13.0,3046,1,1.0,701,,
3,t,911000,16/04/2016,2.6,3121,2,1.0,0,110.0,2000.0
4,h,1322000,14/05/2016,6.9,3039,1,1.0,549,192.0,1930.0
4,h,1400000,23/09/2017,14.2,3149,2,2.0,664,,
3,h,1068000,27/11/2016,14.7,3167,2,2.0,609,172.0,1970.0
2,u,506000,27/06/2016,9.1,3015,1,1.0,126,83.0,1975.0
2,u,530000,15/10/2016,8.8,3072,1,1.0,106,74.0,1970.0
6,h,1850000,27/05/2017,27.0,3196,4,4.0,840,547.0,2011.0
2,h,1440000,13/05/2017,6.1,3182,1,2.0,194,112.0,1890.0
3,h,900000,27/11/2016,12.8,3033,1,2.0,600,,
2,u,582500,8/10/16,7.7,3184,1,1.0,0,,
4,h,975000,15/10/2016,4.2,3031,3,1.0,0,,
4,h,1661000,16/07/2016,13.1,3128,2,2.0,729,,
2,u,436000,10/9/16,11.2,3073,1,1.0,140,,2011.0
2,h,1300000,18/06/2016,4.5,3181,1,1.0,126,,
3,h,690000,24/06/2017,35.2,3806,2,2.0,703,153.0,1980.0
3,h,770000,24/06/2017,20.8,3171,1,1.0,606,,
4,h,1360000,22/07/2017,11.0,3018,2,4.0,615,,
3,h,1650000,3/12/16,7.8,3124,2,2.0,305,189.0,1998.0
3,h,627000,29/07/2017,12.8,3022,1,2.0,697,102.0,1960.0
4,h,2640000,4/3/17,8.0,3016,2,2.0,650,,
2,u,620000,17/09/2016,5.2,3056,1,1.0,135,,1975.0
4,h,1630000,9/9/17,21.5,3195,2,2.0,554,,
3,h,600000,22/05/2016,14.5,3047,1,2.0,647,173.0,1960.0
2,u,625500,26/08/2017,12.0,3073,1,2.0,343,111.0,1960.0
4,h,1670000,17/09/2016,13.1,3128,4,4.0,707,162.0,1926.0
3,h,2299500,12/8/17,10.2,3147,2,3.0,634,230.0,1940.0
4,h,2090000,25/02/2017,7.9,3079,3,2.0,608,315.0,1980.0
2,u,902000,27/05/2017,7.2,3184,1,0.0,702,86.0,1940.0
3,h,1305000,20/05/2017,9.8,3040,1,2.0,147,,
2,u,400000,22/05/2016,5.9,3055,1,1.0,0,,
2,u,750000,12/11/16,2.5,3067,2,1.0,0,94.0,2009.0
4,t,2300000,3/6/17,15.2,3191,2,2.0,604,166.0,1940.0
3,h,1385000,27/05/2017,14.3,3109,2,3.0,654,149.0,1966.0
4,h,723000,16/09/2017,18.4,3029,2,2.0,872,,
4,h,1310000,27/06/2016,5.5,3070,2,1.0,355,,
3,t,1215000,29/07/2017,17.3,3193,2,2.0,314,,
2,h,1045000,4/3/17,5.1,3181,1,2.0,118,,1993.0
3,h,657500,7/5/16,12.6,3020,1,1.0,513,116.0,1955.0
3,u,422500,30/07/2016,12.4,3060,2,1.0,195,91.0,2000.0
3,u,1392000,13/05/2017,11.2,3186,2,1.0,188,,
2,u,445000,29/04/2017,12.4,3060,1,1.0,196,,
5,h,960000,15/07/2017,18.8,3170,2,1.0,731,130.0,1965.0
2,u,725000,13/08/2016,13.0,3204,1,1.0,227,100.0,1990.0
4,h,1362000,19/08/2017,21.5,3195,2,3.0,549,,
2,u,520000,22/05/2016,3.8,3207,1,1.0,0,70.0,2005.0
2,u,595000,12/8/17,6.2,3123,1,1.0,0,,
2,t,770000,14/05/2016,4.2,3031,2,1.0,0,,
2,u,650000,16/07/2016,5.1,3181,2,1.0,0,,
4,h,1336000,26/07/2016,7.8,3012,2,1.0,343,109.0,1920.0
3,h,850000,13/08/2016,7.0,3013,1,1.0,444,,
3,h,1350000,18/03/2017,5.9,3032,1,3.0,575,,
2,u,950000,28/05/2016,2.3,3051,2,1.0,0,2.0,
4,h,1500000,12/8/17,7.5,3040,2,2.0,465,148.0,1940.0
4,h,465000,26/08/2017,20.6,3064,2,1.0,417,,1999.0
3,t,755000,27/05/2017,8.5,3044,1,2.0,234,,1993.0
1,u,440000,29/04/2017,6.6,3183,1,0.0,0,,1940.0
2,u,503000,29/07/2017,19.6,3076,2,2.0,214,115.0,2000.0
4,t,1320000,27/11/2016,13.0,3204,3,3.0,346,220.0,2010.0
3,u,453350,8/7/17,18.4,3029,2,1.0,315,,
2,u,792000,3/6/17,3.1,3003,1,1.0,0,,
2,u,446000,16/04/2016,8.0,3040,1,1.0,0,,
3,t,965000,24/09/2016,13.9,3165,2,1.0,283,28.0,2010.0
2,t,1055000,20/05/2017,11.2,3186,1,2.0,211,,1970.0
4,h,565000,12/8/17,20.6,3064,2,2.0,482,207.0,2012.0
4,h,826000,3/9/16,9.2,3012,2,2.0,308,185.0,2012.0
2,h,677000,27/11/2016,1.6,3065,1,0.0,67,,1850.0
2,t,890000,7/5/16,13.7,3188,2,2.0,181,,
2,u,510000,16/04/2016,4.5,3057,1,1.0,0,,
4,h,660000,8/7/17,18.0,3037,2,2.0,724,,
2,u,812000,4/3/17,9.7,3103,1,1.0,206,,
2,u,598000,25/02/2017,6.3,3143,1,1.0,0,88.0,1970.0
2,u,730000,11/2/17,5.8,3078,1,1.0,116,,1985.0
4,t,838000,29/04/2017,9.2,3012,2,2.0,294,194.0,
3,h,935000,15/10/2016,9.2,3012,1,2.0,485,,
2,u,415000,15/10/2016,8.0,3016,1,1.0,0,,
3,h,1120000,4/3/17,13.8,3018,1,2.0,506,120.0,1930.0
2,u,468000,29/07/2017,7.5,3040,1,1.0,0,,
3,h,760000,8/7/17,12.0,3073,1,1.0,606,,
4,h,2230000,10/9/16,8.0,3016,2,2.0,782,212.0,1900.0
2,h,335000,17/09/2016,8.7,3032,1,1.0,0,99.0,
2,u,543000,17/06/2017,7.2,3184,1,1.0,0,74.0,1960.0
1,u,499000,28/05/2016,4.6,3122,1,1.0,0,56.0,1960.0
1,u,535000,8/4/17,4.6,3122,1,1.0,918,50.0,2006.0
4,h,1200000,8/4/17,8.8,3072,3,2.0,466,,
2,u,517500,4/3/17,4.6,3142,1,1.0,0,,
3,t,1565000,16/04/2016,3.8,3207,1,2.0,188,,
2,u,660000,17/06/2017,10.1,3163,1,1.0,109,,
3,h,477000,3/9/17,14.0,3047,1,1.0,627,97.0,1960.0
3,t,502000,22/07/2017,15.5,3038,2,2.0,198,143.0,2004.0
1,u,330000,3/6/17,10.1,3163,1,1.0,0,,
3,t,555000,27/05/2017,12.9,3043,2,2.0,286,,
3,h,1351000,28/05/2016,13.1,3128,1,2.0,662,,
3,h,816000,3/6/17,22.2,3172,2,2.0,533,122.0,1980.0
3,t,922000,9/9/17,10.1,3163,2,2.0,219,,
3,h,1267000,22/07/2017,14.2,3149,2,4.0,714,,
3,h,532000,27/06/2016,12.4,3060,1,1.0,614,,
5,h,1090000,15/07/2017,16.7,3150,2,2.0,698,246.0,1978.0
1,u,345000,15/10/2016,11.4,3163,1,1.0,0,,
2,u,600000,13/08/2016,5.2,3056,1,1.0,768,,1970.0
3,h,1105000,7/5/16,8.7,3032,1,4.0,762,142.0,1950.0
2,u,950000,22/04/2017,3.8,3207,2,1.0,98,,2005.0
3,u,960000,15/07/2017,11.7,3148,2,2.0,382,151.0,2000.0
2,h,1680000,24/06/2017,3.6,3068,1,1.0,185,,
2,u,771000,8/4/17,7.8,3124,1,1.0,512,,
3,t,1110000,3/9/16,11.2,3127,2,2.0,401,129.0,1970.0
3,h,887000,8/4/17,9.2,3058,1,2.0,560,,
3,h,1700000,18/06/2016,5.2,3056,2,1.0,0,195.0,1945.0
2,u,863000,4/3/17,3.3,3141,2,1.0,742,,1950.0
2,u,460000,27/05/2017,5.2,3055,1,1.0,54,60.0,1970.0
5,h,1000000,28/05/2016,13.3,3020,2,1.0,786,295.0,1999.0
3,u,690000,15/10/2016,14.0,3166,1,2.0,340,103.0,1930.0
1,u,410000,8/4/17,3.3,3141,1,0.0,0,,
2,u,512000,11/3/17,8.8,3072,1,1.0,145,,
6,h,2620000,10/12/16,8.0,3040,4,2.0,860,355.0,1930.0
2,u,913000,8/4/17,9.0,3126,1,1.0,0,,
2,t,960000,29/04/2017,6.5,3071,2,2.0,158,133.0,2007.0
2,u,655000,10/9/16,3.8,3207,2,1.0,0,83.0,2000.0
3,t,538000,22/05/2016,12.4,3060,2,2.0,217,,
4,h,1926000,17/06/2017,9.7,3104,2,2.0,639,,
3,u,1326000,8/10/16,1.6,3066,2,1.0,0,190.0,2013.0
2,u,645000,1/7/17,16.0,3190,1,1.0,105,64.0,1970.0
3,t,820000,15/07/2017,16.2,3094,2,2.0,260,157.0,2010.0
4,h,981000,19/08/2017,11.7,3033,2,2.0,633,,
2,h,1085000,17/06/2017,9.5,3034,1,3.0,780,,
3,u,910000,7/11/16,13.9,3108,2,2.0,299,135.0,2001.0
2,u,570000,12/11/16,8.1,3161,1,1.0,0,67.0,
2,u,892500,7/5/16,11.2,3186,1,2.0,232,92.0,1970.0
3,h,1284000,4/3/17,5.9,3032,1,2.0,623,,1938.0
4,h,1158000,23/04/2016,7.0,3013,1,3.0,411,96.0,1910.0
3,t,1320000,29/04/2017,4.6,3142,2,1.0,3,131.0,1970.0
2,u,635000,24/09/2016,13.0,3204,1,2.0,118,,
2,u,635000,25/02/2017,3.3,3141,1,1.0,855,,
2,u,422000,17/06/2017,11.2,3046,1,1.0,136,,1980.0
3,h,2790000,20/05/2017,2.6,3052,2,1.0,180,120.0,1890.0
3,h,1061000,18/03/2017,7.8,3058,1,1.0,527,,
2,u,291000,9/9/17,19.6,3076,1,1.0,161,,
2,h,1470000,3/6/17,17.3,3193,1,4.0,633,116.0,1960.0
4,h,3015000,29/07/2017,5.4,3101,2,2.0,813,276.0,1970.0
4,h,505000,3/9/17,20.6,3064,2,2.0,406,,
3,h,1600000,3/12/16,2.6,3121,2,1.0,115,,
4,h,1900000,8/7/17,11.4,3204,2,2.0,700,210.0,1920.0
3,h,1001000,16/07/2016,6.6,3011,1,1.0,256,,
3,h,990000,27/06/2016,13.9,3108,1,1.0,746,,
3,h,1635000,3/9/16,11.2,3186,1,2.0,366,156.0,1920.0
3,h,1605000,27/11/2016,8.5,3185,1,1.0,418,152.0,1890.0
3,h,967500,18/03/2017,7.8,3012,1,1.0,325,,
3,h,1505000,12/11/16,6.9,3039,2,2.0,249,168.0,2007.0
3,u,700000,18/06/2016,11.2,3042,1,1.0,202,,
2,u,462500,16/07/2016,13.5,3042,1,1.0,164,,2003.0
1,u,305000,8/4/17,11.4,3163,1,1.0,0,46.0,1960.0
2,u,465000,13/08/2016,13.1,3128,2,1.0,0,65.0,2010.0
2,u,796000,22/07/2017,10.1,3163,1,2.0,0,86.0,1975.0
2,u,500000,13/05/2017,4.4,3031,1,1.0,0,72.9,1970.0
3,t,1260000,27/06/2016,7.5,3102,2,2.0,284,,1990.0
1,u,468000,13/05/2017,5.6,3101,1,1.0,0,,
3,h,465000,26/08/2017,20.6,3064,1,1.0,338,,2004.0
3,t,917500,20/05/2017,4.2,3031,1,1.0,98,101.0,1997.0
3,h,535000,15/07/2017,14.8,3023,1,0.0,675,,
3,t,747000,24/09/2016,8.4,3015,2,2.0,753,170.0,2005.0
4,h,1175000,17/06/2017,21.3,3135,2,1.0,842,135.0,1960.0
2,u,657500,19/11/2016,4.6,3122,1,1.0,728,73.0,1965.0
1,u,316000,20/05/2017,6.4,3078,1,1.0,0,,
3,t,750000,15/10/2016,13.1,3128,2,1.0,150,3.0,2000.0
2,h,1008000,6/8/16,3.5,3068,1,1.0,150,77.0,1890.0
5,h,1905000,18/03/2017,5.9,3032,2,2.0,521,,
3,h,770000,8/4/17,14.7,3167,1,1.0,590,132.0,1960.0
2,h,1035000,8/4/17,14.6,3189,1,1.0,593,,
2,u,801000,6/8/16,3.3,3141,2,1.0,0,,2000.0
2,t,1190000,27/05/2017,4.6,3181,1,2.0,57,,
3,t,962000,3/12/16,8.4,3015,2,2.0,283,179.0,2011.0
3,h,625000,10/9/16,9.2,3058,1,2.0,104,138.0,2014.0
3,h,927000,12/6/16,7.7,3015,1,0.0,274,131.0,1910.0
2,u,617000,27/05/2017,24.8,3156,2,1.0,306,120.0,2011.0
3,h,825000,16/04/2016,5.2,3056,1,1.0,210,130.0,1900.0
5,h,1188000,26/08/2017,23.0,3136,2,2.0,864,294.0,1980.0
3,h,900000,24/09/2016,8.2,3012,2,3.0,446,,2006.0
3,t,1400000,12/11/16,4.6,3122,2,2.0,299,,1960.0
2,u,336000,3/12/16,11.2,3073,1,1.0,99,67.0,1970.0
4,h,1289000,17/06/2017,14.3,3189,2,1.0,532,,
1,u,597000,18/06/2016,1.6,3065,1,1.0,0,,2000.0
3,t,910000,12/11/16,14.6,3189,2,2.0,312,,
4,h,1515000,8/4/17,6.9,3039,2,3.0,574,203.0,1910.0
3,u,720000,3/9/16,1.2,3006,1,1.0,0,106.0,1993.0
2,h,1016500,10/9/16,3.8,3207,1,1.0,131,,
3,h,600000,8/10/16,13.0,3046,1,2.0,702,,
4,t,1250800,27/05/2017,14.2,3149,2,2.0,243,,
2,u,822000,8/4/17,12.2,3147,1,1.0,78,59.0,1970.0
4,h,2110000,8/4/17,7.8,3124,1,3.0,572,150.0,1910.0
4,h,2800000,3/9/16,13.7,3188,3,2.0,701,320.0,2015.0
2,u,778500,28/05/2016,11.2,3127,1,1.0,170,78.0,1960.0
3,h,1911000,4/3/17,7.7,3184,1,2.0,327,,1900.0
4,h,925000,9/9/17,14.7,3152,3,4.0,534,176.0,1975.0
2,u,616000,16/07/2016,13.1,3128,1,1.0,155,,
4,h,1685000,9/9/17,5.3,3070,1,1.0,442,112.0,1920.0
3,t,815000,24/06/2017,4.3,3032,2,2.0,198,130.0,1990.0
3,h,860000,27/05/2017,12.0,3073,1,2.0,627,136.0,1950.0
4,h,1165000,16/09/2017,17.9,3192,2,2.0,594,,
2,t,480000,8/7/17,23.0,3136,1,1.0,2040,,
3,h,797000,9/9/17,24.8,3156,2,1.0,626,145.0,1995.0
4,h,1675000,18/03/2017,9.2,3104,2,2.0,667,201.0,1974.0
3,h,1509000,28/05/2016,13.8,3107,2,2.0,812,158.0,1960.0
1,u,210000,18/03/2017,7.8,3012,1,1.0,0,36.0,1970.0
3,u,960000,13/05/2017,11.8,3204,2,2.0,199,167.0,1995.0
2,u,756000,15/10/2016,11.2,3186,1,1.0,0,80.0,1920.0
3,u,1336000,3/6/17,10.5,3186,2,1.0,249,,
1,u,895000,22/07/2017,1.3,3002,1,1.0,0,60.0,1990.0
2,u,316000,27/06/2016,6.4,3011,1,1.0,0,55.0,1960.0
3,h,1430000,11/2/17,6.5,3071,1,3.0,705,,
3,h,870000,22/08/2016,7.8,3058,1,1.0,371,100.0,1980.0
2,u,550000,8/7/17,3.0,3067,1,1.0,1521,,
2,u,444000,18/06/2016,7.5,3123,1,1.0,0,68.0,1970.0
2,u,655000,18/06/2016,3.8,3207,1,1.0,0,86.0,2006.0
2,u,875500,18/03/2017,13.7,3188,2,1.0,225,118.0,1970.0
2,t,779000,24/09/2016,3.8,3207,1,1.0,0,,
3,h,1220000,28/08/2016,4.5,3181,2,1.0,112,100.0,1900.0
2,u,730000,12/8/17,14.2,3149,1,1.0,292,,
2,u,496000,13/05/2017,9.9,3044,1,1.0,136,,
2,u,585000,15/07/2017,16.1,3088,1,1.0,240,79.0,1965.0
2,u,681000,27/11/2016,4.5,3181,2,1.0,0,95.0,1995.0
2,u,626000,17/09/2016,8.5,3185,1,1.0,1764,100.0,1930.0
2,u,737000,27/06/2016,11.4,3163,1,1.0,165,,1990.0
2,u,666000,29/07/2017,2.4,3121,1,1.0,0,60.0,
2,h,1143000,22/08/2016,6.5,3071,1,2.0,431,,
2,u,602000,3/12/16,6.1,3182,1,0.0,0,66.0,1930.0
3,u,1245000,28/05/2016,10.7,3187,2,1.0,227,,1998.0
3,h,556000,24/06/2017,14.0,3047,1,1.0,627,,
2,t,710000,29/07/2017,7.2,3184,1,1.0,0,,1980.0
2,t,779000,17/09/2016,7.9,3079,1,2.0,152,,1970.0
2,u,525500,11/2/17,6.5,3071,1,1.0,724,72.0,1975.0
4,h,1540000,27/05/2017,10.1,3163,2,2.0,589,199.0,1920.0
5,h,1950000,3/9/17,9.7,3104,3,2.0,743,0.0,1949.0
2,u,480000,3/6/17,7.2,3184,1,1.0,1210,65.0,1968.0
3,h,1200000,8/4/17,5.2,3056,1,1.0,318,,1927.0
3,u,672000,27/06/2016,11.2,3073,1,2.0,855,,
3,h,690000,27/11/2016,12.4,3083,1,2.0,556,,
2,u,676000,6/5/17,5.8,3078,1,1.0,0,87.0,2002.0
2,u,503500,16/04/2016,6.1,3182,1,1.0,683,72.0,1940.0
3,u,820000,3/9/16,11.4,3163,1,2.0,0,96.0,1989.0
4,h,1830000,26/08/2017,11.4,3204,2,1.0,567,,1929.0
2,t,1350000,17/06/2017,1.3,3002,2,1.0,87,115.0,2005.0
3,u,1240000,7/11/16,8.5,3185,2,2.0,319,123.0,1990.0
3,h,545000,24/06/2017,38.0,3199,2,2.0,571,,
2,h,1080000,12/8/17,23.0,3136,1,1.0,1474,,
3,h,1400000,7/11/16,6.9,3039,2,2.0,597,,
2,u,1100000,12/11/16,11.2,3186,1,2.0,0,85.0,1935.0
2,u,831000,15/10/2016,11.2,3127,1,1.0,982,,
3,h,1765000,17/09/2016,2.6,3121,1,2.0,332,,
4,h,1774500,14/05/2016,9.3,3162,2,2.0,575,256.0,2008.0
4,h,1390000,8/7/17,14.3,3109,3,2.0,664,,
3,h,572000,23/04/2016,11.2,3073,1,2.0,41400,,
3,h,740000,27/05/2017,38.0,3199,1,1.0,650,,
3,h,629500,29/07/2017,11.2,3046,1,1.0,610,,
3,t,1065000,28/05/2016,2.3,3051,2,1.0,64,,2008.0
2,t,640000,11/3/17,11.1,3025,1,1.0,252,,1965.0
2,h,716000,3/6/17,7.2,3185,1,1.0,0,,1970.0
2,h,1001000,26/07/2016,9.3,3162,2,1.0,255,85.0,1890.0
3,h,1612000,30/07/2016,4.5,3181,2,0.0,146,139.0,1900.0
4,t,1202000,17/06/2017,12.4,3108,3,0.0,403,,
2,h,941000,7/5/16,2.5,3067,1,0.0,181,,
4,h,980000,26/08/2017,38.0,3199,2,2.0,937,191.0,1960.0
5,h,1607500,20/05/2017,8.0,3040,3,1.0,695,,
2,h,981000,25/02/2017,11.8,3204,1,1.0,533,,
2,h,1120000,14/05/2016,8.4,3015,1,3.0,574,,
2,u,710000,8/4/17,13.0,3204,1,3.0,225,,
4,h,646000,29/04/2017,15.0,3021,2,2.0,658,198.0,1980.0
3,t,750000,12/6/16,12.1,3046,2,2.0,301,251.0,2011.0
4,h,1210000,16/09/2017,6.2,3015,1,0.0,325,160.0,1983.0
4,h,1200000,16/07/2016,7.0,3013,2,2.0,417,157.0,1900.0
3,h,1385000,1/7/17,14.2,3149,1,2.0,807,167.0,1970.0
3,u,605000,25/02/2017,13.8,3018,1,2.0,181,,
3,h,1370000,28/05/2016,7.8,3058,1,1.0,563,130.0,1930.0
2,u,627500,13/08/2016,3.3,3141,1,1.0,0,85.0,1970.0
3,h,996000,27/05/2017,8.4,3072,1,2.0,581,,
3,u,780000,8/4/17,7.5,3123,1,1.0,0,,
2,u,526000,10/9/16,9.7,3103,1,1.0,0,73.0,1960.0
2,u,442000,10/12/16,4.2,3031,2,1.0,3448,71.0,2010.0
3,h,1110000,10/12/16,13.9,3165,1,4.0,612,,
2,u,757500,19/11/2016,6.1,3182,1,1.0,0,,
1,u,400500,13/05/2017,7.5,3123,1,1.0,71,,
3,h,1860000,19/11/2016,9.1,3040,2,2.0,311,,
2,h,1007000,27/06/2016,11.2,3042,1,1.0,646,,
2,u,560000,16/07/2016,4.6,3122,1,1.0,0,70.0,2013.0
3,u,800000,10/12/16,11.2,3042,2,1.0,0,,
1,u,390000,14/05/2016,2.6,3121,1,1.0,0,40.0,2011.0
3,u,850000,17/06/2017,14.3,3109,2,1.0,236,145.0,1980.0
2,u,560000,29/07/2017,17.9,3192,1,2.0,182,,
3,h,1675000,25/02/2017,7.7,3184,1,1.0,345,,
3,h,580000,26/08/2017,14.8,3023,2,2.0,461,174.0,2000.0
2,u,600000,20/05/2017,6.5,3071,1,1.0,0,59.0,1960.0
3,h,710000,13/05/2017,13.0,3046,1,2.0,587,,
2,u,475000,8/10/16,2.3,3051,1,1.0,0,,
3,h,1850000,22/08/2016,2.6,3121,2,1.0,203,112.0,1900.0
3,h,1365000,7/5/16,8.0,3040,1,1.0,754,,
4,u,753000,13/08/2016,13.9,3108,1,1.0,241,105.0,1970.0
3,h,853000,8/10/16,6.4,3011,1,1.0,0,141.0,2010.0
4,h,650000,15/07/2017,22.7,3174,1,2.0,660,,
2,u,635000,8/10/16,9.7,3103,1,1.0,0,70.0,2014.0
2,u,850000,22/04/2017,3.3,3141,2,2.0,17200,,2000.0
1,u,399000,1/7/17,4.6,3181,1,0.0,0,,
2,u,920000,18/03/2017,3.3,3141,2,0.0,0,,
3,t,815000,8/4/17,11.2,3073,2,2.0,213,1.0,2012.0
1,u,680000,17/09/2016,2.8,3000,1,2.0,0,102.0,1965.0
4,h,605000,23/09/2017,31.7,3429,2,2.0,738,192.0,2000.0
2,u,482000,29/04/2017,6.1,3182,1,1.0,0,54.0,2004.0
3,h,500000,22/07/2017,31.7,3429,1,3.0,678,127.0,1975.0
3,t,525000,1/7/17,10.5,3020,2,1.0,177,,
3,h,475000,18/06/2016,11.2,3073,1,1.0,535,133.0,1970.0
3,t,1030000,18/03/2017,13.9,3165,2,2.0,327,,
2,u,645000,13/05/2017,4.5,3181,1,1.0,2842,84.0,1920.0
3,t,905000,20/05/2017,13.6,3148,1,2.0,418,132.0,1955.0
4,h,2525000,8/4/17,14.0,3166,2,0.0,1143,,
2,h,962000,1/7/17,1.8,3051,1,0.0,91,2.0,
2,t,931000,16/09/2017,2.0,3066,1,1.0,109,90.0,2001.0
2,u,785000,24/09/2016,9.2,3146,1,1.0,0,,
2,u,1480000,12/8/17,3.5,3207,2,2.0,0,,2000.0
3,h,840000,3/12/16,6.4,3011,1,0.0,164,93.0,1900.0
2,u,350000,22/05/2016,5.2,3056,1,1.0,0,,
3,u,800000,28/05/2016,13.9,3165,2,2.0,261,,
2,h,900000,22/08/2016,6.5,3071,1,1.0,497,,
2,t,486500,8/10/16,13.9,3165,1,1.0,0,75.0,1960.0
4,h,1290000,11/3/17,4.5,3057,2,2.0,468,,
2,u,479000,4/3/17,2.6,3121,1,1.0,534,,1970.0
5,h,1180000,23/09/2017,23.0,3136,3,3.0,857,285.0,2012.0
2,h,747000,19/11/2016,6.4,3011,1,1.0,320,94.0,1900.0
3,h,780000,3/6/17,12.1,3083,1,1.0,546,,
2,h,460000,27/11/2016,12.1,3046,1,4.0,360,,
1,u,440000,6/5/17,4.6,3122,1,1.0,0,51.0,1960.0
3,t,702000,28/08/2016,11.7,3125,2,1.0,170,106.0,2001.0
2,u,770000,7/11/16,11.2,3127,1,1.0,156,,1960.0
3,h,1050000,25/02/2017,4.5,3181,2,1.0,8216,130.0,1995.0
2,u,535000,18/06/2016,12.2,3147,1,1.0,72,,
4,t,1465000,18/06/2016,13.9,3165,2,2.0,319,256.0,2015.0
3,h,1090000,27/11/2016,12.1,3163,2,2.0,553,138.0,1960.0
2,u,623000,10/9/16,13.0,3166,1,1.0,101,90.0,1970.0
3,h,1300000,8/4/17,9.1,3040,3,2.0,240,240.0,2013.0
3,u,798000,15/10/2016,8.8,3072,2,2.0,212,,2005.0
5,h,715000,28/08/2016,13.5,3020,2,2.0,654,,
2,u,492500,3/9/16,13.9,3108,1,1.0,65,,1975.0
3,h,1260000,19/11/2016,4.2,3031,2,2.0,250,147.0,1900.0
2,t,735000,24/09/2016,5.9,3055,1,2.0,120,109.0,2004.0
2,u,600000,12/11/16,2.1,3205,1,1.0,0,,
3,h,773000,6/8/16,9.5,3081,1,2.0,626,93.0,1955.0
1,u,315000,27/11/2016,11.2,3145,1,1.0,0,46.0,1940.0
2,u,472000,25/02/2017,14.5,3188,1,1.0,215,68.0,2007.0
2,h,1424000,8/4/17,11.4,3163,1,1.0,575,,
3,u,605000,26/07/2016,8.8,3072,1,2.0,192,,
2,u,690000,14/05/2016,12.2,3147,1,1.0,216,90.0,2003.0
4,h,2077000,7/11/16,9.2,3146,2,3.0,553,143.0,1910.0
3,h,690500,3/6/17,10.5,3020,1,0.0,637,,
3,t,1137000,19/11/2016,9.2,3104,2,2.0,349,,
2,u,500000,27/05/2017,6.2,3123,1,1.0,1324,72.0,1970.0
2,u,691000,15/10/2016,2.6,3121,2,1.0,0,85.0,2008.0
3,h,1581000,28/05/2016,3.5,3068,1,0.0,193,132.0,1910.0
2,u,950000,10/12/16,11.8,3204,1,1.0,0,,
2,h,1026000,3/9/16,5.2,3056,1,0.0,225,108.0,1905.0
2,u,695000,4/6/16,10.4,3163,2,1.0,0,,
4,h,602000,26/08/2017,18.4,3029,2,2.0,603,150.0,1985.0
1,u,301000,17/06/2017,4.3,3032,1,1.0,887,45.0,1972.0
3,h,1510000,29/04/2017,13.9,3165,1,2.0,689,,
2,u,520000,8/7/17,23.2,3153,1,1.0,158,69.0,1975.0
2,u,600000,18/03/2017,12.2,3147,1,1.0,153,80.0,1970.0
3,u,813000,29/07/2017,15.4,3131,2,2.0,266,134.0,2001.0
3,h,1037000,3/9/16,4.2,3031,1,1.0,188,106.0,1910.0
2,h,826000,16/07/2016,10.8,3019,1,2.0,667,,1950.0
3,h,575000,17/09/2016,13.5,3020,1,2.0,686,,
3,h,1045000,8/4/17,8.8,3072,1,2.0,513,,
4,h,1245000,26/08/2017,16.7,3150,2,2.0,652,,1981.0
2,h,1417500,27/05/2017,7.8,3161,1,2.0,307,103.0,1900.0
3,h,607500,18/06/2016,12.6,3020,1,2.0,487,,
2,u,315000,26/08/2017,18.4,3029,1,1.0,150,,
4,h,1182500,27/11/2016,13.8,3107,2,2.0,650,150.0,1975.0
4,h,2100000,20/05/2017,4.6,3122,1,2.0,383,,
2,u,850000,3/6/17,17.9,3192,1,2.0,0,81.0,1970.0
4,h,1155000,19/08/2017,16.7,3150,1,1.0,654,,
3,h,1255000,15/10/2016,5.9,3032,2,2.0,308,,
3,h,711100,8/7/17,14.0,3021,1,2.0,743,,
3,t,765000,17/06/2017,11.0,3018,2,2.0,200,139.0,2007.0
3,h,2395000,18/03/2017,3.3,3141,1,2.0,442,,
3,h,1950000,15/07/2017,16.7,3168,1,2.0,734,,
3,u,1457500,18/03/2017,13.7,3188,2,2.0,0,,
1,u,400000,18/06/2016,3.3,3141,1,1.0,0,45.0,1960.0
3,h,990000,29/04/2017,7.8,3058,1,3.0,414,153.1,1930.0
3,h,620000,22/07/2017,18.0,3037,2,2.0,360,,2000.0
2,u,840000,25/02/2017,3.3,3141,2,1.0,0,92.0,2002.0
3,u,622000,15/07/2017,14.7,3152,1,1.0,137,71.0,2012.0
3,h,532000,7/11/16,9.4,3081,1,1.0,390,86.0,1955.0
3,h,771000,20/05/2017,10.8,3019,1,0.0,556,,
3,h,2360000,18/03/2017,6.3,3143,2,0.0,336,,
3,h,1535000,15/10/2016,11.8,3204,1,2.0,578,140.0,1935.0
3,h,500000,10/9/16,13.0,3046,1,1.0,589,,
3,h,1165000,12/11/16,13.9,3165,1,1.0,732,,
2,t,600000,4/3/17,9.2,3058,1,1.0,145,105.0,2010.0
3,h,1040000,17/09/2016,8.8,3072,1,2.0,555,,
3,h,712000,3/6/17,13.1,3060,1,2.0,603,94.3,1960.0
2,h,916000,24/09/2016,5.2,3056,1,0.0,1328,,1890.0
2,u,693000,16/07/2016,7.8,3124,1,1.0,84,,
2,u,566000,9/9/17,18.0,3095,1,1.0,845,,
4,h,1810000,28/05/2016,13.9,3108,2,4.0,769,240.0,1970.0
3,t,998000,8/4/17,13.0,3166,2,2.0,246,,2000.0
2,u,662000,17/09/2016,11.4,3163,2,1.0,0,,
3,h,650000,16/04/2016,11.2,3073,1,2.0,468,92.0,1960.0
2,u,725000,29/04/2017,13.0,3204,1,1.0,0,115.0,2006.0
3,h,1025000,3/6/17,7.5,3040,2,2.0,203,156.0,2016.0
2,u,582000,3/9/16,2.6,3121,1,1.0,0,75.0,2001.0
4,h,1120000,3/6/17,15.5,3167,2,2.0,564,161.0,1975.0
4,h,921000,26/07/2016,14.6,3189,1,2.0,592,,
2,u,845000,22/08/2016,7.9,3079,2,2.0,147,,1980.0
2,h,1180000,23/04/2016,4.5,3181,1,0.0,214,215.0,1900.0
3,h,1500000,27/11/2016,5.8,3078,1,1.0,0,126.0,1910.0
2,u,516000,3/9/16,13.0,3166,1,1.0,0,76.0,1970.0
3,h,1126000,18/03/2017,6.6,3011,1,0.0,357,,
2,u,507000,3/6/17,7.5,3040,1,1.0,0,80.0,1960.0
3,t,1582000,25/02/2017,2.6,3121,3,2.0,119,184.0,2005.0
2,u,600000,29/07/2017,21.5,3195,1,1.0,0,,1967.0
2,u,898000,19/11/2016,13.7,3188,1,1.0,266,,1970.0
3,h,1400000,27/11/2016,10.6,3084,1,1.0,827,109.0,1952.0
3,h,730000,24/06/2017,16.1,3088,2,2.0,563,,
3,u,487500,27/06/2016,5.9,3032,1,3.0,0,,1972.0
3,h,2000000,15/10/2016,2.1,3205,2,1.0,161,141.0,1890.0
3,h,625000,23/09/2017,19.6,3076,1,2.0,534,113.0,1990.0
2,u,532000,29/04/2017,7.5,3123,1,1.0,0,,
3,h,860000,16/07/2016,11.4,3084,1,2.0,583,,
3,h,847000,20/05/2017,6.6,3011,1,1.0,205,,
3,h,1470000,18/03/2017,1.6,3066,2,0.0,150,,
3,h,1340000,10/9/16,13.0,3204,2,1.0,526,135.0,1910.0
3,t,800000,8/7/17,5.1,3011,2,2.0,0,,
1,u,455500,24/09/2016,3.8,3207,1,1.0,0,,2002.0
3,t,1472000,16/07/2016,9.7,3103,2,2.0,306,170.0,1995.0
2,t,620000,10/12/16,5.2,3056,2,1.0,72,2.0,
2,u,645000,12/11/16,4.6,3122,1,1.0,0,,
3,t,700000,27/06/2016,7.9,3079,2,1.0,189,110.0,1990.0
4,h,1201000,10/12/16,6.6,3011,2,1.0,299,158.0,1910.0
2,u,442000,7/5/16,9.1,3040,1,1.0,0,,
2,u,639000,19/11/2016,14.6,3189,1,1.0,83,79.0,1960.0
2,u,630000,29/04/2017,2.6,3121,2,1.0,3512,,2011.0
2,h,927000,4/2/16,9.2,3012,1,4.0,524,139.0,
3,h,725000,20/05/2017,9.2,3012,2,2.0,260,,
2,u,570000,20/05/2017,4.5,3181,1,1.0,479,,
2,h,745000,6/5/17,8.0,3040,1,1.0,342,,
2,t,775000,27/11/2016,7.8,3124,2,1.0,103,,
2,u,625000,7/11/16,11.4,3163,1,1.0,78,,
3,h,1708000,4/3/17,11.8,3204,1,1.0,703,,
2,u,530000,10/9/16,13.5,3042,1,1.0,120,94.0,2012.0
3,u,691000,24/06/2017,8.4,3072,1,1.0,170,,
2,t,510000,17/09/2016,9.9,3044,1,1.0,110,91.0,2013.0
3,u,805000,17/09/2016,3.3,3141,2,3.0,6111,,
3,u,855000,4/3/17,13.0,3166,1,2.0,0,,
2,u,1155000,17/09/2016,7.4,3144,2,2.0,0,,2002.0
2,u,566000,15/07/2017,4.3,3032,1,1.0,1017,,1972.0
3,h,1170000,12/8/17,10.4,3125,1,3.0,590,,
3,h,620000,22/07/2017,15.5,3028,1,2.0,466,107.0,1975.0
2,h,1500000,15/07/2017,13.4,3130,1,1.0,1021,,
1,u,291000,27/06/2016,12.1,3163,1,1.0,0,44.0,
2,u,495000,6/5/17,7.8,3058,1,0.0,388,69.0,1960.0
2,u,646500,22/04/2017,13.1,3128,1,1.0,156,,1980.0
2,u,678000,4/3/17,6.3,3143,1,2.0,0,,
3,h,995000,16/04/2016,6.5,3071,1,1.0,327,96.0,1920.0
2,u,445000,22/07/2017,22.7,3174,1,3.0,197,82.0,1998.0
3,h,711000,14/05/2016,14.9,3087,1,2.0,658,,
2,u,656000,22/07/2017,16.7,3150,1,1.0,345,120.0,2012.0
3,h,875000,8/4/17,9.2,3058,1,1.0,592,,
3,u,715000,8/4/17,8.8,3072,1,1.0,210,,1996.0
3,t,792000,16/09/2017,20.0,3194,2,2.0,156,,
3,u,930000,24/06/2017,7.5,3040,2,1.0,223,146.0,2002.0
2,h,1582000,15/10/2016,7.5,3123,2,2.0,358,,
2,t,539000,8/7/17,11.2,3046,2,2.0,160,,
4,t,1185000,3/9/17,7.5,3040,3,1.0,205,168.0,2010.0
4,h,2115000,19/08/2017,7.9,3103,2,2.0,766,,
4,h,1255000,9/9/17,12.4,3108,2,1.0,670,,
2,h,810000,28/05/2016,7.8,3058,1,1.0,370,,
4,h,950000,15/07/2017,25.0,3155,2,4.0,2033,255.0,1970.0
2,u,630000,20/05/2017,9.3,3162,1,1.0,0,71.0,2003.0
2,u,466000,25/02/2017,6.5,3071,1,1.0,909,,
5,t,645000,20/05/2017,13.0,3046,1,1.0,227,152.0,2013.0
5,h,4850000,12/11/16,5.6,3101,4,4.0,957,400.0,1930.0
2,h,1400000,18/06/2016,11.2,3145,1,1.0,312,,
2,u,625000,3/6/17,3.5,3207,1,1.0,6830,,
4,t,2570000,12/11/16,10.7,3187,3,2.0,898,,
3,h,661000,16/09/2017,32.3,3803,1,3.0,819,,
2,u,655000,10/12/16,4.6,3122,1,1.0,0,78.0,1960.0
3,h,1420000,8/4/17,4.1,3206,1,0.0,112,,
2,u,615000,4/6/16,7.8,3124,1,1.0,1107,68.0,1960.0
2,u,660000,17/06/2017,20.0,3194,1,1.0,101,300.0,1990.0
3,h,1100000,15/07/2017,5.3,3122,2,1.0,109,109.5,1999.0
2,h,1270000,17/06/2017,3.6,3068,1,0.0,183,,1890.0
3,h,901000,29/07/2017,21.3,3135,2,2.0,678,,1975.0
2,u,692000,7/5/16,1.6,3065,1,1.0,0,,
3,h,644000,3/6/17,20.5,3752,2,4.0,492,160.0,2007.0
2,u,890000,17/09/2016,5.6,3101,2,1.0,89,87.0,1965.0
1,u,313000,25/02/2017,7.7,3184,1,1.0,0,,
4,h,3625000,27/11/2016,6.3,3143,1,2.0,709,251.0,1900.0
4,h,1785000,10/9/16,7.0,3013,2,2.0,640,,
2,h,930000,16/07/2016,2.5,3121,1,1.0,125,68.0,1900.0
4,h,1717500,19/11/2016,2.6,3052,2,1.0,165,,
2,u,885500,18/06/2016,3.4,3068,2,2.0,0,136.0,2005.0
4,u,990000,7/5/16,1.2,3006,3,1.0,0,172.0,1995.0
3,h,960000,3/9/16,13.8,3084,2,2.0,656,183.0,1990.0
4,h,990000,8/4/17,12.6,3020,1,6.0,654,189.0,1950.0
2,u,797000,24/06/2017,5.4,3101,1,2.0,964,,1960.0
3,u,696000,15/07/2017,16.7,3168,1,2.0,259,,
2,u,722500,3/9/16,8.9,3162,1,1.0,0,100.0,1960.0
2,u,725000,18/03/2017,13.0,3204,1,1.0,677,88.0,2012.0
3,t,1010000,23/04/2016,4.5,3057,2,1.0,0,133.0,2014.0
2,t,860000,10/12/16,9.2,3104,2,2.0,204,,
4,h,1255000,28/08/2016,13.9,3165,2,2.0,610,167.0,1950.0
1,u,520000,8/7/17,5.4,3101,1,1.0,0,,
4,h,1825000,6/5/17,3.4,3068,1,2.0,306,,
2,u,730000,22/07/2017,7.2,3184,2,1.0,0,,2013.0
2,u,580000,17/06/2017,7.5,3040,1,1.0,921,84.0,1970.0
4,h,1300000,10/12/16,6.4,3011,2,3.0,0,190.0,1950.0
5,h,675000,23/09/2017,31.7,3429,3,2.0,615,208.0,2000.0
5,h,1116500,15/07/2017,16.7,3150,2,2.0,701,182.85,1960.0
3,h,1280000,25/02/2017,6.5,3071,1,1.0,253,130.0,1910.0
2,u,799000,27/05/2017,1.8,3051,1,1.0,0,73.0,1900.0
2,h,1450000,8/4/17,11.0,3147,1,1.0,627,,
2,u,625000,10/12/16,3.3,3141,1,1.0,1283,,
3,h,1122000,8/7/17,15.5,3167,1,2.0,732,,
3,t,1015000,24/09/2016,4.5,3181,3,1.0,0,,
3,u,1221000,22/04/2017,11.2,3186,2,2.0,0,109.0,1975.0
2,t,495000,12/11/16,11.2,3073,1,1.0,96,73.0,2013.0
3,t,1000000,1/7/17,21.5,3195,2,2.0,298,124.0,1995.0
3,h,1010000,4/3/17,7.8,3058,2,1.0,278,278.0,
3,h,983000,3/9/17,4.3,3032,2,2.0,359,185.0,2008.0
3,h,1800000,15/07/2017,14.2,3149,2,2.0,747,,
4,h,953000,15/10/2016,15.0,3085,2,2.0,551,150.0,1997.0
4,h,1720000,22/05/2016,10.7,3187,2,2.0,676,,
3,h,475000,29/07/2017,31.7,3429,1,4.0,754,131.0,1985.0
3,t,830000,28/08/2016,12.2,3147,1,2.0,212,130.0,2012.0
4,h,1272000,24/06/2017,16.7,3150,2,2.0,733,,
3,u,1602000,10/12/16,11.2,3186,2,2.0,328,,
2,u,902000,25/02/2017,6.1,3182,1,0.0,0,108.0,1920.0
5,h,1951000,3/9/17,9.7,3104,3,3.0,711,,1960.0
2,u,455000,17/06/2017,20.0,3194,1,1.0,3160,,1970.0
1,u,312000,17/06/2017,5.2,3055,1,1.0,406,40.0,1970.0
2,u,867000,8/4/17,4.6,3142,1,1.0,1087,,
1,u,415000,15/07/2017,5.3,3122,1,1.0,0,,
5,h,3160000,13/05/2017,5.6,3101,5,2.0,811,,
3,u,805000,3/6/17,2.7,3141,1,1.0,0,,1970.0
3,h,590000,3/12/16,12.8,3033,1,2.0,610,,1974.0
3,t,1300000,11/2/17,2.3,3051,2,2.0,67,,2005.0
2,u,509000,3/9/16,6.1,3182,1,1.0,0,,
3,t,1205000,22/04/2017,7.5,3102,2,2.0,270,,
2,t,690000,20/05/2017,4.5,3057,1,1.0,3886,,
2,h,2200000,15/10/2016,2.6,3052,2,1.0,190,172.0,1875.0
3,u,510000,17/06/2017,12.0,3073,1,1.0,178,100.0,2009.0
3,t,1115000,4/3/17,13.9,3165,2,2.0,297,,
2,u,722000,12/11/16,9.0,3126,1,1.0,0,92.0,1965.0
2,t,617500,10/9/16,11.2,3042,1,1.0,237,,
